polyF1S1P1,24.5,368.1
polyF1S53P1,25.842298513541753,372.71078293254277
polyF1S162P1,27.023606797749984,375.7763932022501
polyF1S162P2,43.0,395.6
polyF1S162P3,42.7,394.3
polyF1S162P4,287.8155572728798,447.7934058270912
polyF1S162P5,287.84142135623733,446.32697521433903
polyF1S162P6,290.17734590803394,440.97734590803395
polyF1S162P7,290.7,440.1000000000001
polyF1S162P8,292.51480665269355,444.7514485459728
polyF1S162P9,291.7,439.49999999999994
polyF1S162P10,292.9,439.3
polyF1S162P11,294.1,438.9
polyF1S162P12,295.44142135623736,438.24142135623737
polyF1S208P1,43.6,394.59999999999997
polyF1S2P1,484.5102374660278,363.6860876080318
polyF1S4P1,43.900000000000006,394.5
polyF1S31P1,66.4226540919661,375.3773459080339
polyF1S54P1,20.17007458120454,315.7968406894773
polyF1S54P2,21.7,321.1
polyF1S54P3,21.899999999999995,322.09999999999997
polyF1S77P1,272.7890907391399,450.5597096488305
polyF1S77P2,264.24743396058597,440.2269056452737
polyF1S77P3,258.06581860473415,434.5939233597358
polyF1S77P4,262.50000000000006,431.1000000000001
polyF1S77P5,259.8817347385792,430.09465022879
polyF1S77P6,260.88994949366116,429.4473088065419
polyF1S77P7,260.5786796564404,427.46929602430487
polyF1S77P8,259.40000000000003,426.59999999999997
polyF1S77P9,257.1,424.9
polyF1S77P10,260.3,425.09999999999997
polyF1S77P11,257.73338505354224,423.84564752587653
polyF1S77P12,260.5856822361831,423.7819838174148
polyF1S77P13,257.8473088065419,422.461522368915
polyF1S77P14,259.78834426537816,420.67290408741434
polyF1S77P15,268.09004393867565,436.9931054052501
polyF1S77P16,269.40000000000003,418.59999999999997
polyF1S77P17,268.484699031259,418.33693980625185
polyF1S77P18,269.1,417.7
polyF1S77P19,270.5,416.70000000000005
polyF1S77P20,269.68469903125913,416.7369398062518
polyF1S77P21,273.5423018817578,412.6546918160678
polyF1S77P22,274.1666666666667,411.16666666666663
polyF1S77P23,274.7,410.7
polyF1S79P1,268.7585786437627,454.75857864376275
polyF1S98P1,263.9373482568244,436.65059741711883
polyF1S109P1,270.1,455.9
polyF1S151P1,43.7,399.1
polyF1S211P1,33.49999999999999,354.1
polyF1S211P2,34.2414213562373,356.3242640687119
polyF1S211P3,34.1,355.29999999999995
polyF1S232P1,41.01715728752537,388.1343145750508
polyF1S232P2,41.5,389.1
polyF1S232P3,41.95857864376269,389.0414213562373
polyF1S5P1,347.26465066793673,470.7795579540841
polyF1S6P1,324.3,404.8999999999999
polyF1S6P2,322.3,405.09999999999997
polyF1S6P3,322.8544657376626,404.6578729806374
polyF1S70P1,326.7585786437627,403.5585786437627
polyF1S70P2,327.0414213562373,403.4414213562373
polyF1S70P3,328.0032726422712,402.56512392830507
polyF1S70P4,326.9,402.30000000000007
polyF1S70P5,325.5,402.3
polyF1S70P6,321.23333333333335,391.83333333333337
polyF1S70P7,324.90000000000003,381.7
polyF1S70P8,326.77018501089884,381.0978195426695
polyF1S7P1,281.86,478.86
polyF1S8P1,478.85923591472465,424.43404232450416
polyF1S8P2,475.5,428.3
polyF1S8P3,477.33954695604405,425.89572124922057
polyF1S8P4,479.9585786437627,421.95857864376273
polyF1S8P5,480.0037893849656,422.845699910223
polyF1S8P6,483.1,414.5
polyF1S10P1,425.1,422.5
polyF1S10P2,425.11233583612295,424.56578408811606
polyF1S10P3,422.9,422.9
polyF1S89P1,430.5187431101698,58.156168237186534
polyF1S148P1,428.3,57.70000000000001
polyF1S148P2,426.3,57.5
polyF1S148P3,425.7,57.3
polyF1S148P4,425.0,58.800000000000004
polyF1S148P5,423.29999999999995,60.5
polyF1S148P6,423.1,61.7
polyF1S176P1,34.5,374.7
polyF1S176P2,39.069926085264086,385.1070994882273
polyF1S176P3,37.212714952530234,380.5756901092591
polyF1S227P1,169.33554905484377,40.942939976057104
polyF1S227P2,175.9,40.3
polyF1S227P3,173.7283913811676,41.23800378098278
polyF1S227P4,176.4314644038195,40.67088628847851
polyF1S227P5,180.7366519936214,39.34839445821557
polyF1S227P6,190.1,36.7
polyF1S227P7,187.57304428478704,37.95461576011485
polyF1S227P8,29.1,312.1
polyF1S227P9,29.389180581244567,312.91530096874095
polyF1S227P10,29.7,313.9
polyF1S227P11,30.010819418755442,315.2108194187555
polyF1S227P12,30.3,316.1
polyF1S227P13,30.5,316.9
polyF1S227P14,31.365243065260234,317.8400630110062
polyF1S227P15,32.9,310.1
polyF1S227P16,33.2,310.0
polyF1S227P17,32.901427093658626,245.35996328783713
polyF1S227P18,34.84285153229793,245.93380158690533
polyF1S227P19,36.32629658163573,317.2737034183642
polyF1S227P20,35.68672954016951,247.35080498837294
polyF1S227P21,36.1,248.89999999999998
polyF1S227P22,37.50000000000001,256.09999999999997
polyF1S227P23,37.53693980625181,268.9585786437626
polyF1S227P24,38.60938363213561,297.3375345285424
polyF1S227P25,37.900000000000006,280.9
polyF1S227P26,38.44919501162708,281.1320377241017
polyF1S227P27,38.810819418755436,279.38918058124455
polyF1S227P28,39.3,281.9
polyF1S227P29,39.3,283.70000000000005
polyF1S227P30,43.300000000000004,311.3
polyF1S227P31,73.68218544151267,166.6569918512922
polyF1S227P32,76.6,163.4
polyF1S227P33,74.88948259684857,167.3476908061146
polyF1S227P34,79.40977825579225,162.26798646505827
polyF1S227P35,80.09999999999998,161.5
polyF1S227P36,78.85398279144026,163.55596823504672
polyF1S227P37,56.64142135623731,328.6414213562373
polyF1S227P38,57.167810463712506,329.46370894116546
polyF1S227P39,58.70000000000001,331.1
polyF1S227P40,59.61272777372308,332.2916440277946
polyF1S227P41,60.9,331.5
polyF1S227P42,67.23137084989847,331.4656854249492
polyF1S227P43,72.9,333.9
polyF1S227P44,75.83333333333331,333.3666666666667
polyF1S227P45,77.86069609885666,337.19098128535717
polyF1S227P46,82.4503695736796,346.60783863558635
polyF1S227P47,81.92792407799438,344.6720759220056
polyF1S227P48,81.5,342.1
polyF1S227P49,81.75857864376268,342.2630601937482
polyF1S227P50,93.1585786437627,347.9585786437627
polyF1S227P51,94.0226540919661,348.9132704598305
polyF1S227P52,119.9,175.3
polyF1S227P53,119.69999999999999,176.83333333333334
polyF1S227P54,120.55857864376269,177.06306019374819
polyF1S227P55,122.07227306816092,177.98039409847507
polyF1S227P56,123.60000000000001,177.79999999999998
polyF1S227P57,124.11530096874094,177.21081941875542
polyF1S227P58,124.26306019374815,178.04142135623727
polyF1S227P59,73.61958089284127,267.5449418741327
polyF1S227P60,279.2143346214829,105.54844064364111
polyF1S227P61,265.9585786437627,107.04142135623731
polyF1S227P62,265.1,107.10000000000001
polyF1S227P63,270.59842586398497,106.75412631475974
polyF1S227P64,268.730405724421,106.77119928444735
polyF1S227P65,266.82550967816036,106.85517833559979
polyF1S227P66,280.75857864376263,107.15857864376267
polyF1S227P67,277.35080498837294,107.24919501162711
polyF1S227P68,265.1,107.9
polyF1S227P69,283.80236892706216,107.44142135623729
polyF1S227P70,257.5800763898889,108.76487518782281
polyF1S227P71,254.61715728752537,110.04142135623731
polyF1S227P72,260.68699175036505,108.74557227878671
polyF1S227P73,294.9906163678644,110.073459080339
polyF1S227P74,249.75857864376266,111.93693980625181
polyF1S227P75,247.3,113.1
polyF1S227P76,296.71653851459723,112.10510032291364
polyF1S227P77,243.70394437605344,115.3882702916936
polyF1S227P78,237.89999999999998,118.89999999999999
polyF1S227P79,239.80369207847997,117.97354096043803
polyF1S227P80,237.5325901807804,120.4129942314911
polyF1S227P81,236.56512392830507,120.94277692905085
polyF1S227P82,229.23333333333332,123.96666666666667
polyF1S227P83,228.70000000000002,126.10000000000001
polyF1S227P84,233.12032944551842,123.99170432449847
polyF1S227P85,221.2,129.0
polyF1S227P86,221.89999999999995,129.29999999999998
polyF1S227P87,158.5745166004061,172.52010101267763
polyF1S227P88,222.97734590803395,128.94831448610654
polyF1S227P89,161.28280222932636,169.17368389955735
polyF1S227P90,224.3,129.3
polyF1S227P91,224.8247230065262,128.8429882679469
polyF1S227P92,163.58918058124453,169.32163883751085
polyF1S227P93,213.02360679775,136.02360679774998
polyF1S227P94,159.87856198768944,173.78781938187777
polyF1S227P95,162.7515417453025,171.03438104372879
polyF1S227P96,164.9585786437627,173.09583694396574
polyF1S227P97,163.61462209138654,173.67934024224485
polyF1S227P98,211.6414213562373,139.67573593128805
polyF1S227P99,210.7,140.3
polyF1S227P100,249.23333333333332,127.83333333333334
polyF1S227P101,165.6546918160678,173.9453081839322
polyF1S227P102,167.7421834637062,171.2185826202201
polyF1S227P103,167.2017415015488,173.24200549587434
polyF1S227P104,209.33666438902168,143.48779544821593
polyF1S227P105,251.44142135623733,129.84142135623728
polyF1S227P106,170.9874438261323,170.37061259084118
polyF1S227P107,211.1666666666667,146.03333333333333
polyF1S227P108,210.745960339382,144.13569646765754
polyF1S227P109,174.2977524861322,172.16463281801236
polyF1S227P110,173.4473088065419,175.33847763108503
polyF1S227P111,171.73466778233606,174.12335483383217
polyF1S227P112,210.11905879313971,148.12376202513332
polyF1S227P113,210.4414213562373,149.4630601937482
polyF1S227P114,229.99551845001452,141.4783611624891
polyF1S227P115,196.5,164.7
polyF1S227P116,204.15857864376267,160.33693980625182
polyF1S227P117,202.83584796215322,161.04257564394638
polyF1S227P118,244.4467711274473,143.48272283613917
polyF1S227P119,199.0414213562373,165.04142135623732
polyF1S227P120,201.54240259795475,163.5195262145876
polyF1S227P121,204.09120025141493,161.52124447237946
polyF1S227P122,212.90000000000003,156.9
polyF1S227P123,259.43622846705506,142.08494706256343
polyF1S227P124,205.89999999999998,163.09999999999997
polyF1S227P125,256.10309602117445,155.30026956424263
polyF1S227P126,249.89999999999998,169.3
polyF1S227P127,214.8784211145183,164.89533767600446
polyF1S233P1,39.71333538481857,388.04984491155295
polyF1S233P2,40.617157287525394,387.73431457505075
polyF1S233P3,40.2630601937482,386.915300968741
polyF1S28P1,43.95857864376269,395.8414213562373
polyF1S73P3,56.92348182389932,440.46793151892814
polyF1S73P4,43.94900903451584,405.19521519537665
polyF1S73P5,44.8,403.4
polyF1S73P6,44.100000000000016,401.5718491035932
polyF1S73P7,45.04379395894156,402.78050775805144
polyF1S73P8,308.38260177379624,477.44535529137613
polyF1S73P9,272.5132704598305,467.62265409196607
polyF1S73P10,283.14820586228825,463.721969536428
polyF1S134P1,43.70000000000001,394.7
polyF1S200P1,120.3,381.1
polyF1S200P2,120.51117349962713,380.54277692905083
polyF1S15P1,45.063060193748186,400.5585786437627
polyF1S15P2,45.7,400.1
polyF1S17P1,319.4207078703356,456.7268756282747
polyF1S18P1,427.93712015389485,425.44799450176487
polyF1S18P2,422.9,422.9
polyF1S18P3,430.7398255161024,417.9547618351368
polyF1S18P4,425.1,422.5
polyF1S20P1,290.39822422882224,450.2622080201332
polyF1S21P1,287.31188855445305,546.9859443483431
polyF1S22P1,268.87574116762687,544.6953171121529
polyF1S23P1,531.9000000000001,268.3
polyF1S23P2,531.5,268.5
polyF1S23P3,530.6171572875254,271.8171572875254
polyF1S23P4,530.3369398062517,270.15857864376267
polyF1S23P5,530.4728667895737,273.7669730692355
polyF1S23P6,529.4333333333333,274.03333333333336
polyF1S23P7,527.7369366803186,274.78321448826193
polyF1S24P1,362.2597345705031,458.7370117103517
polyF1S25P1,467.14613391996824,433.33368919617385
polyF1S26P1,30.90922809892463,349.8848375970464
polyF1S26P2,31.9585786437627,351.0414213562374
polyF1S26P3,33.615603173768456,350.8603532755734
polyF1S26P4,32.27529870855945,346.25059741711885
polyF1S26P5,32.726975214338985,345.44142135623736
polyF1S26P6,32.513480922503824,341.3194709032061
polyF1S26P7,32.170074581204545,338.0031593105228
polyF1S26P8,34.75857864376269,343.4414213562373
polyF1S26P9,31.381153480050493,329.6565395598485
polyF1S26P10,34.234876071694906,338.9381487139661
polyF1S26P11,33.558578643762694,330.6757359312881
polyF1S26P12,32.223924023117135,327.8115515402152
polyF1S26P13,34.85015666968283,334.85716583359897
polyF1S26P14,35.88134660024376,325.4438738698381
polyF1S26P15,36.61988595073693,330.02614982995163
polyF1S27P1,336.9455075093082,463.97410101718566
polyF1S29P1,352.94768644497424,420.75442495792856
polyF1S30P1,14.410819418755436,286.0108194187554
polyF1S30P2,15.463060193748195,285.71530096874096
polyF1S30P3,14.25211565366303,282.2923034278259
polyF1S33P12,67.27969979322471,454.61039055193356
polyF1S33P13,65.91259341362291,452.8947836372809
polyF1S33P14,64.59289321881344,451.275735931288
polyF1S33P15,65.68672954016951,452.5508049883728
polyF1S33P16,64.83487607169491,451.39672735772876
polyF1S33P17,55.10646973956483,431.6237538936941
polyF1S34P1,45.96666666666666,412.0333333333333
polyF1S35P1,524.34,160.06
polyF1S35P2,525.6365429153155,162.78210104946535
polyF1S36P1,520.4317467134459,274.42868862726743
polyF1S38P1,373.18356213373573,530.954657194452
polyF1S39P1,105.24619301019375,375.5222875849282
polyF1S39P2,96.7,355.5
polyF1S39P3,96.95857864376268,353.0630601937482
polyF1S39P4,108.2414213562373,369.55857864376264
polyF1S39P5,92.0226540919661,330.1773459080339
polyF1S39P6,91.87559072754554,330.3433457852634
polyF1S39P7,99.3132704598305,337.6491950116271
polyF1S39P8,110.3910792420952,369.58985624978067
polyF1S39P9,107.33158699797322,361.4631459551287
polyF1S39P10,112.84590100908495,364.3175246036233
polyF1S39P11,126.1,384.9
polyF1S39P12,109.89999999999999,355.49999999999994
polyF1S39P13,110.35857864376267,355.4414213562373
polyF1S39P14,125.64142135623732,176.73693980625183
polyF1S39P15,126.25147186257615,176.98284271247465
polyF1S39P16,102.15353314169198,351.3554288668867
polyF1S39P17,131.95857864376268,171.04142135623732
polyF1S39P18,131.1828427124746,379.38284271247466
polyF1S39P19,132.50000000000003,380.47888543820005
polyF1S39P20,129.81158536204188,176.16854807595848
polyF1S39P21,134.32124447237945,170.2186670856916
polyF1S39P22,117.50798498615494,357.0777469210207
polyF1S39P23,132.24142135623734,175.5585786437627
polyF1S39P24,133.05386608003172,175.33368919617385
polyF1S39P25,133.2414213562373,374.73693980625177
polyF1S39P26,132.4867396735616,172.41360753453475
polyF1S39P27,126.98418808884344,378.73107706118475
polyF1S39P28,142.1,171.5
polyF1S39P29,137.2414213562373,372.7369398062518
polyF1S39P30,110.22360679774998,307.37639320225
polyF1S39P31,149.28469903125904,165.53693980625178
polyF1S39P32,145.74530818393217,173.0281508964068
polyF1S39P33,147.3,171.5
polyF1S39P34,149.1,171.8414213562373
polyF1S39P35,113.13014089988069,301.2788962279012
polyF1S39P36,152.54076786199212,165.81953561671605
polyF1S39P37,147.14667391245686,172.5881256112397
polyF1S39P38,149.1369398062518,172.4414213562373
polyF1S39P39,114.90000000000002,304.7
polyF1S39P40,151.3110248123765,171.04303424578612
polyF1S39P41,153.64318240727846,171.56708175037775
polyF1S39P42,156.50806882279372,167.03555579505354
polyF1S39P43,156.2171572875254,172.5
polyF1S39P44,156.1651239283051,174.40327264227116
polyF1S39P45,142.3,350.5
polyF1S39P46,127.04142135623728,305.926975214339
polyF1S39P47,126.59723960001412,303.2171061620137
polyF1S39P48,126.21827682974474,304.3871409996262
polyF1S39P49,128.3,303.7
polyF1S39P50,128.55857864376267,302.73693980625177
polyF1S39P51,146.54277692905083,346.05722307094914
polyF1S39P52,131.3,302.5
polyF1S39P53,144.49999999999997,326.3
polyF1S39P54,139.95857864376268,299.8414213562372
polyF1S39P55,140.56666666666666,300.23333333333335
polyF1S39P56,154.02382185906725,334.32124447237936
polyF1S39P57,150.62472300652615,326.9570117320531
polyF1S39P58,145.18284271247464,303.26568542494925
polyF1S39P59,157.89537178491528,331.5920991426441
polyF1S39P60,147.41715728752538,269.7
polyF1S39P61,159.05,331.05
polyF1S39P62,149.74082053407292,299.0970989739643
polyF1S39P63,161.73333333333332,330.59999999999997
polyF1S39P64,155.1453081839322,310.49999999999994
polyF1S39P65,157.76512392830506,317.7809256430169
polyF1S39P66,151.0270324304872,291.7119191339521
polyF1S39P67,155.83400896765184,301.93457410175745
polyF1S39P68,157.32212421484752,303.81802924334636
polyF1S39P69,158.79999999999998,301.8
polyF1S39P70,158.33450200112637,288.56946324838844
polyF1S39P71,164.32234699925425,286.3697521433898
polyF1S39P72,164.89753581538403,288.27964292714427
polyF1S39P73,166.78284271247463,289.7
polyF1S39P74,174.15857864376264,243.4630601937482
polyF1S39P75,181.77639320225,325.42360679775
polyF1S39P76,176.5529728964525,244.1067667355918
polyF1S39P77,179.10000000000002,243.10000000000002
polyF1S39P78,177.27820782135595,304.7759238773046
polyF1S39P79,179.7,242.49999999999997
polyF1S39P80,173.87965086402315,282.2915711118958
polyF1S39P81,175.66758132953555,301.19602543463037
polyF1S39P82,176.8491950116271,295.64919501162706
polyF1S39P83,179.291200251415,251.1036449752094
polyF1S39P84,179.29999999999998,302.2505539869477
polyF1S39P85,179.04405518256192,255.97138677322113
polyF1S39P86,179.29999999999998,258.7675417437337
polyF1S39P87,179.7585786437627,259.53693980625184
polyF1S39P88,179.36666666666667,275.56666666666666
polyF1S39P89,180.4450663314467,295.33004422096445
polyF1S39P90,179.7585786437627,276.15857864376267
polyF1S39P91,181.9,298.1
polyF1S39P92,182.1111734996271,257.926975214339
polyF1S39P93,180.673459080339,267.0906163678643
polyF1S39P94,213.89999999999998,204.3
polyF1S39P95,187.86306019374814,312.1585786437627
polyF1S39P96,182.8171572875254,295.54852813742383
polyF1S39P97,182.7475386079798,292.7475386079798
polyF1S39P98,179.55969999242382,264.08517119840104
polyF1S39P99,183.04812169379653,281.3861928812542
polyF1S39P100,186.88882650037286,260.00327264227116
polyF1S39P101,148.4081439311473,269.06517329461917
polyF1S39P102,197.09999999999997,267.09999999999997
polyF1S39P103,192.90341411442486,245.79497287076404
polyF1S39P104,201.06493536935443,255.55677463171213
polyF1S39P105,199.04568215341143,291.8539256517221
polyF1S39P106,180.7386252715042,306.0306687048334
polyF1S39P107,196.4659530851665,263.4579574570092
polyF1S39P108,201.50188100920468,265.36500081090037
polyF1S39P109,197.31629603568396,271.7109303407106
polyF1S39P110,208.24571497246362,234.9608199308166
polyF1S39P111,204.1,267.1
polyF1S39P112,203.86306019374817,269.64142135623734
polyF1S39P113,208.7333714725081,259.4162141849828
polyF1S39P114,206.22053258478385,270.7292571491338
polyF1S39P115,208.3402020253553,268.90588745030453
polyF1S39P116,219.06306019374816,242.1153009687409
polyF1S39P117,209.81137713527283,271.30879974858505
polyF1S39P118,217.3587423640551,244.65900591557588
polyF1S39P119,211.17387961250364,288.6846990312591
polyF1S39P120,212.12135848273448,261.56818456729934
polyF1S39P121,214.27508231916008,261.24794128568874
polyF1S39P122,210.6427204685879,265.1607320380148
polyF1S39P123,214.47543705938665,264.5630249772698
polyF1S39P124,213.28806136327026,251.24436521385093
polyF1S39P125,213.37617814093272,276.36373341713835
polyF1S39P126,219.35985083759093,251.15985083759094
polyF1S39P127,208.45817796893496,278.54663779010343
polyF1S39P128,221.0111894796278,245.9571930981282
polyF1S39P129,216.9255479161794,276.0021916647178
polyF1S39P130,218.88738542770307,260.9927276379695
polyF1S39P131,217.94117064910074,271.7871335608677
polyF1S39P132,219.8064577451054,264.8429882679469
polyF1S39P133,224.1,252.90000000000003
polyF1S39P134,222.42067022457306,255.34525043051391
polyF1S39P135,221.84142135623725,263.9585786437627
polyF1S39P136,225.38918058124457,256.9473879612504
polyF1S39P137,221.35575697636585,270.32632259218053
polyF1S39P138,223.88727449794231,264.9066023502792
polyF1S39P139,229.27370341836428,268.88541328100666
polyF1S39P140,227.03492925487586,275.4902600518759
polyF1S39P141,229.14646997265766,284.13855355638987
polyF1S40P1,303.50530980078526,462.75819562721756
polyF1S42P1,520.4771786995178,188.80453274784168
polyF1S42P2,516.8414213562372,187.17279220613577
polyF1S42P3,512.3369398062517,178.48469903125905
polyF1S42P4,511.8630601937482,177.71530096874093
polyF1S42P5,508.7369398062517,175.6414213562373
polyF1S42P6,497.04142135623727,158.7585786437627
polyF1S42P7,491.7,153.5
polyF1S42P8,483.8414213562372,151.1585786437627
polyF1S42P9,478.5891805812444,149.78918058124452
polyF1S42P10,477.55857864376276,149.04142135623732
polyF1S42P11,477.8225512487088,149.99394183003733
polyF1S42P12,475.8074859881797,154.26745586138165
polyF1S42P13,475.26061016564205,218.7281006444461
polyF1S91P1,508.49999999999994,172.3
polyF1S91P2,508.8592359147246,173.36595767549582
polyF1S91P3,508.2780579078512,172.8549548274208
polyF1S133P1,509.7,175.10000000000002
polyF1S43P1,261.70000000000005,549.7
polyF1S43P2,249.68087198384166,547.2123115221727
polyF1S44P1,337.77601628666065,541.9226545232863
polyF1S45P1,383.57931950780943,527.6970606590248
polyF1S46P1,345.1706690582094,542.2631504849935
polyF1S48P1,7.7,332.7
polyF1S48P2,16.12753100005516,357.2116771356812
polyF1S50P1,166.89999999999998,518.3
polyF1S50P2,172.3,520.3000000000001
polyF1S50P3,170.17838149211155,519.5732617928845
polyF1S50P4,174.2070367516976,519.7929632483025
polyF1S50P5,168.49999999999997,516.5
polyF1S50P6,173.84142135623728,518.7585786437627
polyF1S50P7,165.47573593128806,514.7585786437627
polyF1S50P8,164.83326095391274,514.1533726002715
polyF1S51P1,7.22062527467038,303.66528108574613
polyF1S52P1,23.10984875474683,307.7829989917734
polyF1S52P2,27.52697521433898,330.2414213562373
polyF1S52P3,27.7,329.5
polyF1S52P4,27.81715728752538,328.49999999999994
polyF1S52P5,27.7773459080339,327.1465534350654
polyF1S52P6,27.3,322.70000000000005
polyF1S52P7,25.852726022372707,322.97744015469306
polyF1S55P1,400.485145014623,463.2494061586484
polyF1S56P1,399.5836553033842,465.01088375576984
polyF1S57P1,323.3231698827739,447.2174291979731
polyF1S58P1,315.4810544364448,433.26934543423164
polyF1S58P2,307.2414213562373,433.13693980625175
polyF1S58P3,313.4542656905127,431.73931214234966
polyF1S58P4,299.8414213562373,433.4414213562373
polyF1S58P5,306.9861447782977,445.85621489931316
polyF1S58P6,299.5220017888816,432.7355996422237
polyF1S59P1,458.7058423278923,474.3910693775754
polyF1S60P1,44.1,403.3
polyF1S61P1,307.66587653159183,431.8411860688582
polyF1S61P2,304.72426406871193,431.84142135623733
polyF1S61P3,309.926540919661,430.4734590803391
polyF1S61P4,303.4272077938643,431.75857864376275
polyF1S61P5,305.88469903125906,431.4630601937482
polyF1S61P6,316.6345140998501,428.1837722339831
polyF1S61P7,304.3778106891414,430.2154033944807
polyF1S61P8,310.2414213562373,427.8414213562373
polyF1S61P9,304.7,428.1
polyF1S61P10,308.2740513153945,428.6150100860409
polyF1S61P11,304.7,422.3
polyF1S61P12,301.19542997851727,426.82530217249365
polyF1S74P1,261.13693980625186,406.4414213562373
polyF1S74P2,261.5,405.3
polyF1S74P3,260.4414213562373,403.9369398062518
polyF1S74P4,261.4361708938352,403.98393011884247
polyF1S74P5,262.1891805812446,403.38918058124455
polyF1S87P1,179.35193146642945,368.7217520747841
polyF1S87P2,208.15857864376264,366.8656854249492
polyF1S87P3,202.59229419617944,336.15159592422566
polyF1S87P4,200.06730525098854,332.5861383579598
polyF1S87P5,205.93693980625176,331.7585786437627
polyF1S87P6,235.95629951176375,357.4563660363305
polyF1S87P7,205.1453081839322,328.87345908033893
polyF1S87P8,209.31826526142075,322.367711274473
polyF1S87P9,254.7244283759429,343.0082448075205
polyF1S87P10,255.76208690638356,337.7643329270054
polyF1S87P11,219.65000000000003,294.84999999999997
polyF1S87P12,258.84142135623733,331.67573593128805
polyF1S87P13,258.3148382166999,329.49821610222114
polyF1S87P14,261.6243176005907,322.1242921805251
polyF1S87P15,263.9906163678644,312.51876726427116
polyF1S87P16,250.52725854570022,301.7064749452486
polyF1S87P17,222.75709693835117,336.64997964240996
polyF1S62P1,31.824493660154534,364.1522775128517
polyF1S63P1,286.2205327658747,515.1558599849097
polyF1S64P7,1.6999999999999997,270.9
polyF1S64P8,6.9,329.1
polyF1S64P9,7.537293982888571,331.8896215460967
polyF1S65P1,401.8683475393425,486.06054768971717
polyF1S66P1,446.83192572962673,478.78126366280856
polyF1S66P2,446.2414213562374,478.64142135623734
polyF1S66P3,445.9201627716004,480.7173543792253
polyF1S67P1,201.48218544151268,507.8097782557922
polyF1S67P2,211.5296424899221,510.2813521636267
polyF1S67P3,204.8414213562373,507.9369398062518
polyF1S67P4,207.90844826860376,508.36706680969115
polyF1S67P5,217.6762306960101,511.09015443191925
polyF1S67P6,202.72426406871196,505.9242640687119
polyF1S67P7,219.89999999999998,509.90000000000003
polyF1S67P8,281.8414213562373,490.75857864376263
polyF1S67P9,281.6016050088684,490.0423985688947
polyF1S67P10,287.0779298473535,487.82712810678635
polyF1S67P11,291.32358551857357,486.4375342460821
polyF1S67P12,262.9673388581558,483.98728522693335
polyF1S68P1,331.3407233333773,409.64329067995055
polyF1S68P2,332.84142135623733,407.93693980625187
polyF1S68P3,330.9491840542638,407.37805902078946
polyF1S68P4,338.4193270440629,405.12712202492185
polyF1S69P1,451.57648091330367,482.54398291404516
polyF1S75P1,356.7,14.9
polyF1S75P2,377.49999999999994,23.099999999999998
polyF1S75P3,405.8414213562373,36.7585786437627
polyF1S75P4,404.7,36.1
polyF1S75P5,457.3,74.7
polyF1S76P1,331.1279837266977,545.6240327450204
polyF1S78P1,416.36191207316415,424.019103092577
polyF1S80P1,271.10821170943893,548.3538831196265
polyF1S81P1,225.3409566946399,541.6180240794167
polyF1S82P1,205.20104963291166,534.0384362641332
polyF1S83P1,202.7,535.7
polyF1S83P2,201.7585786437627,535.4630601937482
polyF1S83P3,203.63333333333333,535.9666666666667
polyF1S83P4,202.7,535.3
polyF1S83P5,204.58918058124453,535.7891805812446
polyF1S83P6,202.09999999999997,534.9
polyF1S83P7,206.21114240115415,535.7899496587925
polyF1S84P1,325.68537671680883,546.6840111139959
polyF1S84P2,317.73028420836357,547.6282859652728
polyF1S85P1,370.96136222858644,479.92341368004634
polyF1S85P2,378.4414213562373,475.14436508138965
polyF1S85P3,362.84919501162705,480.449195011627
polyF1S85P4,380.3702116989375,472.4195665721379
polyF1S85P5,371.44142135623736,476.24142135623737
polyF1S85P6,374.3,474.3
polyF1S85P7,379.44142135623736,471.55857864376264
polyF1S85P8,367.4414213562373,477.04142135623727
polyF1S85P9,370.7,475.5
polyF1S85P10,376.6155903758158,472.21559037581574
polyF1S85P11,372.5,474.0999999999999
polyF1S85P12,368.2414213562373,475.8414213562373
polyF1S85P13,375.9,472.1
polyF1S85P14,369.73431457505075,474.8414213562373
polyF1S85P15,370.59289321881346,474.50000000000006
polyF1S85P16,367.0414213562374,475.84142135623733
polyF1S85P17,366.61715728752534,475.29999999999995
polyF1S85P18,368.3,474.3
polyF1S85P19,369.9,473.50000000000006
polyF1S85P20,372.28243737499486,471.8623250324449
polyF1S85P21,368.7585786437627,473.52697521433896
polyF1S85P22,365.9585786437627,474.7585786437626
polyF1S85P23,374.39763107293777,470.3747546895706
polyF1S85P24,353.44142135623724,479.473024785661
polyF1S85P25,367.55857864376276,473.25285954792093
polyF1S85P26,362.7,475.1
polyF1S85P27,352.06007249375784,478.5093255687602
polyF1S85P28,352.43333333333334,477.9666666666667
polyF1S85P29,370.7920154259742,469.9621963092485
polyF1S85P30,351.87302478566096,477.10462821508463
polyF1S85P31,365.24142135623725,471.06306019374813
polyF1S85P32,363.14630604774163,473.08498410752827
polyF1S85P33,362.1,471.7
polyF1S85P34,362.64142135623723,471.04142135623727
polyF1S85P35,370.59534073869514,467.5325913630782
polyF1S85P36,348.3513214444342,475.5382104594099
polyF1S85P37,366.3380503284503,467.11752201313794
polyF1S85P38,366.5,465.1
polyF1S85P39,363.249195011627,465.75080498837286
polyF1S85P40,359.4259163159409,471.71831170405545
polyF1S86P1,39.863060193748204,403.715300968741
polyF1S88P1,12.22494130062819,275.020914179269
polyF1S90P1,42.272385185265,417.6374342011184
polyF1S93P1,11.61394923514855,294.05494079897585
polyF1S93P2,13.3,292.7
polyF1S93P3,13.7,295.1
polyF1S94P1,337.09999999999997,468.8999999999999
polyF1S94P2,334.8567223249782,468.9216388375108
polyF1S94P3,338.1140894727575,468.46710064799646
polyF1S94P4,334.31036954655065,468.38423292192124
polyF1S94P5,333.7,467.9
polyF1S94P6,328.6414213562373,467.1585786437627
polyF1S94P7,327.9,466.9
polyF1S94P8,327.58253570782017,467.2174642921797
polyF1S94P9,327.00019436124796,465.7373482568245
polyF1S94P10,326.0414213562373,465.1369398062518
polyF1S94P11,324.7490090345159,464.86056057473104
polyF1S94P12,325.26903559372886,464.18619288125427
polyF1S94P13,331.3673581975636,462.74477633870225
polyF1S95P1,27.793201073328948,352.393201073329
polyF1S95P2,27.970150827210237,352.91180472396076
polyF1S95P3,29.958578643762692,352.67573593128805
polyF1S96P1,338.1069440334788,452.3422859506459
polyF1S97P95,548.3637334171383,236.36373341713832
polyF1S97P96,542.2317419261004,206.7209774952524
polyF1S97P97,488.74300814870776,102.08218544151266
polyF1S97P98,494.64142135623723,109.55857864376267
polyF1S97P99,542.5,207.3
polyF1S97P100,544.1,213.7
polyF1S97P101,494.7,109.7
polyF1S97P102,494.9,109.9
polyF1S97P103,543.7,212.90000000000003
polyF1S97P104,543.3,211.10000000000002
polyF1S97P105,542.9,209.3
polyF1S97P106,544.4999999999999,216.10670918732617
polyF1S97P107,543.7,213.10000000000002
polyF1S97P108,544.2812211537084,215.10443308426386
polyF1S97P109,543.0569918512922,210.11781455848734
polyF1S97P110,542.5309903833753,207.9819707566537
polyF1S97P111,544.9,217.9
polyF1S97P112,548.9242139353136,240.85824747613654
polyF1S97P113,545.0239054252654,218.33151940487804
polyF1S97P114,510.0028269700571,131.96294456828568
polyF1S97P115,545.5369398062518,221.48469903125908
polyF1S97P116,492.6847504832721,107.03159048220945
polyF1S97P117,548.9,242.09999999999997
polyF1S97P118,491.49165450913733,105.85901499679551
polyF1S97P119,500.2000000000001,117.6
polyF1S97P120,549.4569348166768,247.52326301590563
polyF1S97P121,536.2414213562373,187.9585786437627
polyF1S97P122,540.5,202.09999999999997
polyF1S97P123,539.9000000000001,199.89999999999998
polyF1S97P124,519.5585786437626,149.44142135623733
polyF1S97P125,499.5269752143389,117.07302478566103
polyF1S97P126,495.9585786437626,112.24142135623728
polyF1S97P127,496.2414213562373,112.75857864376269
polyF1S97P128,519.1585786437626,149.07573593128808
polyF1S97P129,536.9815108642094,191.07950376170285
polyF1S97P130,526.4109302368455,163.61841428885728
polyF1S97P131,495.96373341713837,112.53368919617387
polyF1S97P132,545.561628145749,224.2279395965945
polyF1S97P133,548.6999999999999,251.5
polyF1S99P1,548.6190743569831,258.6190743569831
polyF1S99P2,548.5,259.29999999999995
polyF1S99P3,548.1,260.7
polyF1S99P4,548.1,260.1
polyF1S99P5,536.5,355.5
polyF1S99P6,548.1,261.9
polyF1S99P7,547.4414213562374,263.5585786437627
polyF1S99P8,546.3,265.1906163678644
polyF1S99P9,534.1,356.1
polyF1S99P10,545.5585786437628,264.24142135623737
polyF1S99P11,544.9,262.7
polyF1S99P12,544.1,264.1
polyF1S99P13,544.3899231087582,263.48395650374516
polyF1S99P14,520.0781506339907,311.46822565954255
polyF1S102P1,248.36003565607766,435.57014517558474
polyF1S102P2,252.32304531838307,438.71414710917594
polyF1S103P1,479.32761742006085,414.29705714790407
polyF1S103P2,460.97931768711123,411.30667499701076
polyF1S104P1,435.83738831925643,441.81582566918377
polyF1S105P1,237.5903708003469,384.3593844353243
polyF1S106P1,410.780993410875,467.64588711352417
polyF1S180P1,408.85116066738016,470.0346675886341
polyF1S180P2,410.9729687704674,467.03001070875683
polyF1S107P1,322.1,491.7
polyF1S107P2,329.4263781010201,487.3703187378429
polyF1S107P3,307.5,487.5
polyF1S107P4,326.3,478.5
polyF1S107P5,306.20000000000005,481.3999999999999
polyF1S107P6,309.17826207188466,484.0923676844262
polyF1S107P7,312.30364497520935,474.8663108038262
polyF1S107P8,320.5911429329218,471.3880686347949
polyF1S107P9,319.15857864376267,469.5585786437626
polyF1S108P1,21.77874347511656,333.7172730205247
polyF1S110P1,417.63269718658574,463.6287514412354
polyF1S111P1,484.5272394737545,137.30957688048568
polyF1S111P2,483.4171572875253,136.01715728752535
polyF1S111P3,479.9,132.1
polyF1S111P4,427.04142135623727,82.75857864376269
polyF1S111P5,470.39320473244493,125.36659324219949
polyF1S111P6,465.5,123.89999999999999
polyF1S111P7,464.1000000000001,123.30000000000001
polyF1S111P8,463.17251546682496,122.86560017032946
polyF1S111P9,456.5354314498659,122.48754297664273
polyF1S111P10,455.09999999999997,121.50000000000001
polyF1S111P11,456.24142135623725,127.15857864376268
polyF1S111P12,453.09999999999997,126.49999999999999
polyF1S111P13,453.9486815139589,127.24031809256921
polyF1S111P14,456.83487607169496,131.7967273577288
polyF1S111P15,425.0414213562373,100.75857864376268
polyF1S111P16,455.2888265003728,131.073024785661
polyF1S111P17,453.7,130.5
polyF1S111P18,452.1,130.7
polyF1S111P19,452.0825681983866,125.6843159721888
polyF1S111P20,445.01715728752544,122.93431457505079
polyF1S111P21,444.2414213562374,122.75857864376269
polyF1S111P22,452.39216136441365,132.86456855013404
polyF1S111P23,442.7367683556367,119.51344309239268
polyF1S111P24,438.5585786437627,118.44142135623731
polyF1S111P25,437.29999999999995,116.62426406871192
polyF1S111P26,451.56568542494915,132.85857864376266
polyF1S111P27,423.29999999999995,105.1
polyF1S111P28,437.7585786437627,124.6630601937482
polyF1S111P29,420.17361894191237,114.80311494773785
polyF1S111P30,425.74884110145035,114.51258604409001
polyF1S111P31,408.75857864376263,121.8414213562373
polyF1S111P32,397.70000000000005,125.50000000000003
polyF1S111P33,397.90000000000003,126.49999999999999
polyF1S111P34,398.5498499728755,118.03642346051835
polyF1S112P1,494.88455768454133,325.8153761976065
polyF1S113P1,425.5666666666667,401.2333333333333
polyF1S113P2,425.8414213562372,400.3585786437627
polyF1S113P3,429.5,393.5
polyF1S113P4,440.3454020801104,350.900380668607
polyF1S114P2,444.08658463781,493.3865984986674
polyF1S115P1,474.57921950787266,333.7840133598048
polyF1S115P2,475.46306019374816,346.44142135623736
polyF1S115P3,476.5,342.3
polyF1S115P4,475.51876726427116,344.54530818393215
polyF1S116P1,539.3,214.7
polyF1S116P2,538.9,215.89999999999998
polyF1S116P3,535.2035476906976,207.1776697756442
polyF1S117P12,309.6333333333334,3.7000000000000006
polyF1S117P13,309.29999999999995,3.7
polyF1S117P14,309.7,3.7
polyF1S117P15,309.8414213562373,3.9585786437626926
polyF1S117P16,170.99878864608587,22.985249740526843
polyF1S117P17,310.7,4.1
polyF1S117P18,310.3,4.1
polyF1S117P19,179.96666666666664,20.033333333333335
polyF1S118P1,43.558578643762694,397.4414213562373
polyF1S118P2,43.29999999999999,396.5
polyF1S119P1,460.7226299127322,139.90158861871117
polyF1S119P2,458.3585786437627,141.04142135623732
polyF1S119P3,459.1828427124745,142.61715728752534
polyF1S119P4,455.1,138.1
polyF1S119P5,458.7,143.7
polyF1S119P6,454.326975214339,137.8414213562373
polyF1S119P7,452.5,135.79289321881345
polyF1S119P8,454.2630601937482,145.6414213562373
polyF1S119P9,441.1,133.89999999999998
polyF1S119P10,451.30000000000007,147.3
polyF1S119P11,452.14276402682043,141.47070624057474
polyF1S120P1,348.4523323200742,465.6387418275064
polyF1S121P1,454.30000000000007,435.30000000000007
polyF1S121P2,453.30501634859786,438.1008467899288
polyF1S122P1,529.2143147171466,214.16429542906062
polyF1S123P1,410.172362835759,461.1091111845121
polyF1S124P1,232.2372083774926,545.761693462221
polyF1S125P1,350.30331047302235,507.3463139415676
polyF1S126P1,43.27573593128808,405.7585786437627
polyF1S127P1,307.44142135623736,460.7585786437627
polyF1S128P1,543.5585786437628,324.3585786437627
polyF1S128P2,543.3,323.9
polyF1S128P3,544.935177430153,320.42790691611054
polyF1S130P1,332.3,421.90000000000003
polyF1S130P2,339.94877886342897,419.48925098377396
polyF1S131P1,295.178404535447,452.9434257595626
polyF1S132P1,338.9052721065754,412.8987105720438
polyF1S135P1,238.2994813407854,512.2420090917882
polyF1S136P1,301.9,473.3
polyF1S137P1,365.63925589958444,440.8441082422011
polyF1S139P1,539.3,354.7
polyF1S139P2,539.3,354.3
polyF1S140P1,16.380925643016948,269.019074356983
polyF1S140P2,33.55857864376269,183.55857864376267
polyF1S140P3,19.40710678118654,290.2071067811865
polyF1S140P4,20.9,290.9
polyF1S140P5,31.558578643762694,203.95857864376265
polyF1S140P6,40.7,191.5
polyF1S140P7,44.5,183.5
polyF1S140P8,43.463060193748184,188.88469903125906
polyF1S140P9,45.62778328255219,182.6005345860038
polyF1S140P10,46.26306019374818,187.3585786437627
polyF1S140P11,57.350804988372914,173.35080498837291
polyF1S140P12,64.95857864376269,162.7369398062518
polyF1S140P13,54.3,185.1
polyF1S140P14,56.6867295401695,181.4679622758983
polyF1S140P15,64.35857864376268,178.7585786437627
polyF1S140P16,36.30618641499531,221.17248630364904
polyF1S141P1,325.29999999999995,7.700000000000001
polyF1S141P2,315.83333333333337,6.566666666666666
polyF1S141P3,318.1187672642712,7.054691816067797
polyF1S141P4,329.5,9.3
polyF1S141P5,337.5,14.1
polyF1S142P1,352.21426102338904,467.4632553933079
polyF1S143P1,256.4753936313706,537.5107592139191
polyF1S144P1,331.8757359312881,491.95857864376273
polyF1S144P2,331.1,491.7
polyF1S145P1,544.3828427124746,238.06568542494924
polyF1S145P2,543.7,238.3
polyF1S145P3,543.3,236.7
polyF1S145P4,542.8108194187554,238.01081941875543
polyF1S145P5,542.6630601937482,236.9585786437627
polyF1S145P6,542.9,239.10000000000002
polyF1S145P7,542.4108194187553,236.9891805812445
polyF1S145P8,542.5,238.90000000000003
polyF1S145P9,542.3,239.29999999999995
polyF1S145P10,541.8171572875254,237.7
polyF1S145P11,541.5,238.1
polyF1S145P12,539.9585786437627,254.64142135623732
polyF1S145P13,539.819074356983,255.98092564301695
polyF1S145P14,537.9000000000001,242.1
polyF1S145P15,536.1,260.3
polyF1S145P16,535.0730247856609,259.4414213562373
polyF1S145P17,534.5,261.1
polyF1S145P18,534.3666666666667,263.3666666666667
polyF1S145P19,531.5398138603649,245.64574779300045
polyF1S146P1,342.9908448297014,466.79285154266614
polyF1S147P1,455.16891465972054,232.73837985625673
polyF1S150P1,203.61081941875543,524.5891805812446
polyF1S150P2,228.28031662219652,528.0382345404967
polyF1S154P1,532.1,176.7
polyF1S154P2,542.5,209.5
polyF1S154P3,545.7,222.9
polyF1S154P4,518.9891805812443,148.98918058124457
polyF1S154P5,545.7,227.89999999999998
polyF1S154P6,545.7,230.3
polyF1S154P7,544.2471044458744,219.00877565573464
polyF1S154P8,525.2881550207088,162.34354145856963
polyF1S154P9,519.0999999999999,152.10000000000002
polyF1S157P1,312.3142880844356,535.7112635955623
polyF1S159P1,310.88218544151266,548.2569918512921
polyF1S159P2,315.2537011949106,543.5322237204002
polyF1S160P1,9.891240896705073,299.50575209199206
polyF1S163P1,288.21907435698307,411.9809256430169
polyF1S163P2,287.56666666666666,408.56666666666666
polyF1S163P3,293.29999999999995,398.3
polyF1S163P4,294.42502808903566,396.5843968262315
polyF1S163P5,298.4875429766427,390.86456855013404
polyF1S163P6,299.5585786437627,387.1585786437627
polyF1S163P7,300.6630601937481,385.6414213562373
polyF1S163P8,300.33693980625185,384.95857864376273
polyF1S163P9,299.473024785661,377.0414213562373
polyF1S163P10,300.35708015765437,375.76581397473433
polyF1S163P11,301.9650055470748,372.50956947426266
polyF1S163P12,303.1632463260849,372.6432441711906
polyF1S163P13,305.44201431529797,368.97003088221385
polyF1S163P14,323.5,358.5
polyF1S163P15,309.2491950116271,363.7508049883729
polyF1S163P16,306.88290376888546,366.073600754245
polyF1S163P17,307.9424025979547,364.0528595479209
polyF1S163P18,312.71633634483857,360.94504517257917
polyF1S163P19,313.20710678118655,359.70000000000005
polyF1S163P20,311.45663344736994,360.4004874193352
polyF1S163P21,303.6095277723214,387.13527454064734
polyF1S163P22,315.1,356.82
polyF1S163P23,263.5798701365284,364.71079380278485
polyF1S163P24,300.33693980625185,346.04142135623727
polyF1S163P25,298.2144812434895,329.5822001463363
polyF1S163P26,300.41081941875547,324.41081941875547
polyF1S163P27,287.0415791315083,329.81852662177914
polyF1S163P28,301.8575974020453,322.68047378541246
polyF1S163P29,290.67802463304275,328.33637880249216
polyF1S163P30,301.5187251584341,315.91279969418343
polyF1S163P31,291.1,320.3
polyF1S163P32,294.3550750972894,320.73185644952287
polyF1S164P1,517.2731460908379,300.7453288835768
polyF1S167P1,496.70000000000005,409.90000000000003
polyF1S167P2,488.88598749959937,420.3408138759595
polyF1S167P3,483.1,414.5
polyF1S167P4,481.83592455179667,413.53981137949154
polyF1S168P1,497.37827559646615,361.00707177721165
polyF1S169P1,6.9,315.5
polyF1S169P2,9.441421356237306,327.8414213562373
polyF1S169P3,9.7,328.7
polyF1S169P4,7.7,312.7
polyF1S169P5,8.943883267253353,323.0603426063497
polyF1S172P1,513.4558553400826,139.68192813760038
polyF1S172P2,510.41530840060454,135.26290834745217
polyF1S172P3,507.8523715720622,131.72165742843396
polyF1S172P4,497.8630601937482,117.31530096874094
polyF1S172P5,505.40000000000003,128.8
polyF1S172P6,518.9,152.9
polyF1S172P7,518.1,151.89999999999998
polyF1S172P8,499.50000000000006,122.10000000000002
polyF1S172P9,502.3,126.50000000000001
polyF1S172P10,495.7,117.5
polyF1S172P11,501.0699051329657,122.86632849657012
polyF1S172P12,495.234876071695,117.07302478566102
polyF1S172P13,497.4569918512922,120.51781455848732
polyF1S172P14,500.3031999311944,124.28943831170092
polyF1S172P15,496.3675417437336,119.01978251872643
polyF1S172P16,510.669926085264,141.9070994882272
polyF1S172P17,499.50000000000006,124.30000000000001
polyF1S172P18,504.02265409196605,130.9773459080339
polyF1S172P19,503.37108154276143,129.19465554419045
polyF1S172P20,501.3383163418453,126.44118641081047
polyF1S172P21,500.49999999999994,126.70000000000002
polyF1S172P22,514.4508609230812,147.30876419391413
polyF1S172P23,510.20000000000005,142.8
polyF1S172P24,498.0840726311805,122.57498170261586
polyF1S172P25,498.30000000000007,124.10000000000002
polyF1S172P26,497.5585786437627,123.04142135623731
polyF1S172P27,503.87217768462347,131.94660206105618
polyF1S172P28,509.47302478566104,142.29537178491526
polyF1S172P29,508.90676673559176,141.88366365516137
polyF1S172P30,502.7,132.3
polyF1S172P31,496.44557720591877,122.03326045659111
polyF1S172P32,500.3384736738735,128.16233519382317
polyF1S172P33,503.3,133.3
polyF1S172P34,503.89537178491526,134.273024785661
polyF1S172P35,499.7,127.69999999999999
polyF1S172P36,500.7231206347537,130.09042311951436
polyF1S172P37,505.99505621185773,138.78004690874133
polyF1S172P38,503.2663108038261,135.12124447237943
polyF1S172P39,507.05699185129214,142.51781455848734
polyF1S172P40,497.0946502287901,126.4322887255269
polyF1S172P41,502.29999999999995,135.1
polyF1S172P42,501.7906163678644,135.9640754482034
polyF1S172P43,501.59257645596267,136.46521719968175
polyF1S172P44,497.0414213562373,139.1585786437627
polyF1S172P45,498.49999999999994,141.89999999999998
polyF1S172P46,497.57639320225,141.22360679775
polyF1S172P47,495.04142135623727,140.35857864376268
polyF1S172P48,494.7585786437627,141.04142135623732
polyF1S173P1,483.0,96.0
polyF1S173P2,470.5891805812445,85.38918058124456
polyF1S175P1,332.0599241447034,436.02757719517325
polyF1S177P1,450.3,155.5
polyF1S177P2,443.3535256239607,149.57827490996297
polyF1S178P1,209.03620449333627,497.46023738180935
polyF1S178P2,183.4414213562373,475.15857864376267
polyF1S178P3,183.0945805383381,472.34489087148296
polyF1S178P4,174.59470885331405,465.794708853314
polyF1S178P5,173.36595767549585,464.85923591472465
polyF1S178P6,175.70808802290395,465.8804737854124
polyF1S178P7,178.5831517171789,467.1366258085706
polyF1S178P8,166.70000000000002,457.90000000000003
polyF1S178P9,247.17512422474965,485.9886698635344
polyF1S182P1,470.0635176869843,432.15976448663116
polyF1S183P1,357.3676116568452,450.0661692097252
polyF1S184P1,387.9,110.9
polyF1S184P2,388.3,111.3
polyF1S184P3,386.64142135623723,111.1585786437627
polyF1S184P4,385.09999999999997,110.7
polyF1S184P5,386.8265576398325,113.18924281190952
polyF1S184P6,379.72545761124456,112.24144560687758
polyF1S184P7,419.2108194187554,405.2108194187555
polyF1S184P8,371.89262096826684,111.05535384549479
polyF1S184P9,364.2781972599263,111.02436054801474
polyF1S184P10,360.2414213562373,111.95857864376268
polyF1S184P11,355.23333333333335,113.83333333333334
polyF1S184P12,352.4925171885963,115.02464009892917
polyF1S184P13,348.551755833642,116.87311120301055
polyF1S184P14,346.1427769290509,117.34277692905084
polyF1S184P15,348.04142135623727,118.7369398062518
polyF1S184P16,383.24262696417856,135.73909968782323
polyF1S184P17,310.0367460619138,121.43674606191374
polyF1S184P18,383.9189455635552,161.3890907391399
polyF1S184P19,382.6830306262045,159.8972067472005
polyF1S184P20,333.7904322608282,424.06047030391346
polyF1S184P21,313.7193159305877,123.78775183956412
polyF1S184P22,345.7,153.5
polyF1S184P23,315.40545249055526,140.0691151691975
polyF1S184P24,343.8812327357289,370.28123273572874
polyF1S184P25,378.64142135623734,313.9738796125036
polyF1S184P26,349.75857864376275,356.26306019374823
polyF1S184P27,267.9477193382007,166.97961398412744
polyF1S184P28,350.52774297691747,340.297071763064
polyF1S184P29,365.0630601937482,313.7585786437627
polyF1S184P30,307.37992936672646,184.55256427479398
polyF1S184P31,295.0160827738429,183.5770982899458
polyF1S184P32,357.1207106781186,323.93786796564405
polyF1S184P33,359.90000000000003,312.7000000000001
polyF1S184P34,306.26306019374823,191.75857864376266
polyF1S184P35,346.80531287142145,329.8700253156115
polyF1S184P36,277.2331106492516,187.91223800082687
polyF1S184P37,335.1331246083195,212.3872034943465
polyF1S184P38,274.9176109280834,188.39996535759045
polyF1S184P39,357.29439521571885,294.09205418095473
polyF1S184P40,355.8300727777361,291.4505539869477
polyF1S184P41,353.76331649788705,297.6366835021129
polyF1S184P42,345.5,236.90000000000003
polyF1S184P43,346.23498855566316,326.0600422479757
polyF1S184P44,350.98497788951784,302.4787555276206
polyF1S184P45,352.20977825579223,294.632752682301
polyF1S184P46,351.90000000000003,295.50000000000006
polyF1S184P47,324.6192020795025,215.48815946243667
polyF1S184P48,339.09999999999997,233.5
polyF1S184P49,351.09999999999997,285.09999999999997
polyF1S184P50,350.98918058124457,286.0846990312591
polyF1S184P51,328.8257263374946,222.61991563753784
polyF1S184P52,324.1201473448876,218.56841989572538
polyF1S184P53,349.65722307094916,283.23487607169494
polyF1S184P54,344.9320377241017,248.40669546567702
polyF1S184P55,347.7309644062712,280.3652789813219
polyF1S184P56,344.99787422334623,286.0722138292058
polyF1S184P57,313.25659358408626,216.83160165068438
polyF1S184P58,324.07773184801243,227.6941834724126
polyF1S184P59,306.3666666666667,218.16666666666666
polyF1S184P60,319.7466376510625,223.1391419936567
polyF1S184P61,341.4186670856916,269.8611560304505
polyF1S184P62,341.1,268.9
polyF1S184P63,335.35857864376266,252.44142135623724
polyF1S184P64,339.29999999999995,268.3828427124746
polyF1S184P65,309.06200450276356,222.47802148868251
polyF1S184P66,336.9473210346108,311.27048254115783
polyF1S184P67,337.504724959923,270.2400374475166
polyF1S184P68,337.06306019374813,276.9585786437627
polyF1S184P69,333.9666666666666,258.56666666666666
polyF1S184P70,367.04854223240557,266.09924919305024
polyF1S184P71,330.41055728090004,260.21055728090005
polyF1S184P72,330.0414213562373,260.8999999999999
polyF1S184P73,328.9138471049868,265.3142741440172
polyF1S184P74,324.8261203874964,287.6693980625181
polyF1S184P75,325.0414213562373,267.9585786437627
polyF1S184P76,324.6211688657563,274.75331210950816
polyF1S184P77,313.3828427124746,306.4546918160678
polyF1S184P78,317.29999999999995,300.5
polyF1S184P79,325.9311274219181,270.4392617300255
polyF1S184P80,312.3,306.5
polyF1S184P81,314.35857864376277,302.64142135623734
polyF1S184P82,315.28123273572885,302.06796227589825
polyF1S184P83,313.4064577451054,304.2817347385792
polyF1S184P84,315.4859737909336,300.7369411893374
polyF1S184P85,312.91327045983047,302.8867295401695
polyF1S184P86,308.9591317161808,306.69138575988234
polyF1S184P87,315.245628195541,298.0862530295472
polyF1S184P88,310.70641127418145,306.1711201648572
polyF1S184P89,319.1,284.1
polyF1S184P90,313.7685456928787,297.0608353974307
polyF1S184P91,312.4843033590573,300.9583050373318
polyF1S184P92,313.237638496737,299.16236150326307
polyF1S184P93,309.1666666666667,303.23333333333335
polyF1S184P94,315.351288693344,295.22382185906724
polyF1S184P95,318.7,276.1
polyF1S184P96,320.89217758204717,273.0340649356673
polyF1S184P97,311.9,297.5
polyF1S184P98,311.03710593152067,298.7690631813392
polyF1S184P99,311.7773459080339,294.5773459080339
polyF1S184P100,309.80056825179804,296.71369571948645
polyF1S186P1,221.46601842077234,520.8334142632222
polyF1S187P1,452.4828427124747,472.0
polyF1S187P2,424.43625961035724,475.2774284895847
polyF1S187P3,423.8,475.2000000000001
polyF1S187P4,451.74189909195195,452.0756487985713
polyF1S188P1,407.60066786854395,503.75413445344685
polyF1S189P1,412.9073579925029,511.36012019240104
polyF1S190P1,208.81695901941643,534.2143546475234
polyF1S191P1,543.1637334171382,210.84871130665613
polyF1S195P1,216.75405882918443,542.2459411708155
polyF1S195P2,220.69944483310135,542.2900154430305
polyF1S196P1,9.659876999872457,281.7660339621475
polyF1S197P1,319.15857864376267,469.5585786437626
polyF1S198P1,470.64760112195484,464.8094240536863
polyF1S199P1,473.75178434406916,464.448568266567
polyF1S201P1,346.3652963900451,460.56197606112147
polyF1S202P1,307.90000000000003,549.5
polyF1S202P2,311.70000000000005,548.9
polyF1S203P1,49.46668915116197,429.6665589060109
polyF1S204P1,337.3147917663961,446.9841783352144
polyF1S205P1,325.2028599138809,460.55062599381756
polyF1S206P1,319.64399767780014,420.3203979227082
polyF1S206P2,323.3360919709357,416.6471234224923
polyF1S206P3,324.20000000000005,414.20000000000005
polyF1S206P4,320.8999999999999,410.3
polyF1S206P5,320.8999999999999,408.7
polyF1S206P6,312.47809721601874,398.19260423756265
polyF1S210P1,416.0749332413564,452.1876898216334
polyF1S212P1,360.1570858915675,526.8961704580257
polyF1S213P1,280.07343041416823,547.9187385981004
polyF1S214P1,545.7,230.90000000000003
polyF1S214P2,545.5,233.7
polyF1S214P3,545.7,236.3
polyF1S214P4,545.7891805812446,237.31530096874096
polyF1S214P5,544.9,237.5
polyF1S214P6,543.3,229.7
polyF1S214P7,543.3,229.5
polyF1S214P8,539.3,218.1
polyF1S214P9,538.9891805812445,219.31530096874098
polyF1S214P10,537.6449477015494,226.3988946928655
polyF1S215P1,475.46306019374816,346.44142135623736
polyF1S215P2,472.3,345.3
polyF1S215P3,478.5191823456579,346.77830679726253
polyF1S216P1,447.22360679775,404.77639320225
polyF1S216P2,456.5143268634848,386.8268471551011
polyF1S219P1,39.20008262690892,405.73297681906524
polyF1S219P2,41.54721359549995,408.45278640450005
polyF1S220P1,319.50000000000006,500.70000000000005
polyF1S220P2,320.3,497.8999999999999
polyF1S220P3,314.66804967441016,500.00500347857866
polyF1S221P1,367.90709948822723,465.5300739147359
polyF1S221P2,398.08232566842634,450.919029341419
polyF1S221P3,371.0462690619637,460.48409054557845
polyF1S222P1,496.62360679774997,157.77639320225
polyF1S222P2,491.95165876673366,147.11444021012636
polyF1S224P1,422.1428178826806,509.056475796717
polyF1S225P1,376.42942636444997,437.99968800104745
polyF1S225P2,371.6290317196188,431.5397698435207
polyF1S228P1,476.5,342.3
polyF1S228P2,475.5187672642712,344.5453081839322
polyF1S228P3,462.0092405259332,363.3959098610005
polyF1S228P4,472.3,345.3
polyF1S229P1,320.5,476.1
polyF1S230P1,41.3,404.9
polyF1S230P2,41.8,405.20000000000005
polyF1S230P3,42.23333333333332,405.3666666666667
polyF1S231P1,39.099999999999994,408.09999999999997
polyF1S231P2,39.582842712474616,408.4656854249492
polyF1S231P3,31.419074356983053,389.1493222135932
polyF1S231P4,33.817157287525376,394.1343145750507
polyF1S231P5,28.397621389679703,385.8956413474482
polyF1S234P1,536.7585786437627,199.0414213562373
polyF1S234P2,538.8,211.4
polyF1S234P3,534.8,197.00000000000003
polyF1S234P4,522.1,201.7
polyF1S234P5,522.3000000000001,202.3
polyF1S234P6,521.1999999999999,199.4
polyF1S234P7,520.9132704598304,199.64919501162709
polyF1S234P8,528.7725514732463,204.05814152579546
polyF1S238P1,493.33183220125636,434.2801469085689
polyF1S238P2,457.5828427124746,472.53431457505076
polyF1S238P3,457.3999999999999,472.2
polyF1S238P4,455.7,471.5
polyF1S238P5,471.4545555413167,453.7815504809571
lat0,267.5625518262176,456.7257108146945
lat30,276.49247886437814,276.5171704740663
lat60,276.5,276.50000000000045
long-180,276.5,70.3
long-150,172.40481902005052,96.05230728708607
long-120,96.05230728708607,172.40481902005052
long-90,70.3,276.5
long-60,96.05230728708601,380.59518097994925
long-30,172.40481902005044,456.947692712914
long0,276.5,481.90000000000003
long30,380.59518097994925,456.9476927129141
long60,456.9476927129141,380.59518097994925
long90,481.90000000000003,276.5
long120,456.947692712914,172.40481902005044
long150,380.59518097994925,96.05230728708601
